{"cameraMode":{"drawMode":0,"name":"Shaded","section":"Shading Mode"},"sceneLighting":false,"audioPlay":false,"sceneViewState":{"showFog":true,"showMaterialUpdate":true,"showSkybox":false,"showFlares":true,"showImageEffects":true,"showParticleSystems":true},"in2DMode":false,"pivot":{"x":0.6499999761581421,"y":0.5037700533866882,"z":0.0},"rotation":{"x":-0.2943234145641327,"y":0.019205093383789064,"z":-0.005915830377489328,"w":-0.9554945826530457},"size":2.921942710876465,"orthographic":false}